index,MovieID,Title,MPAA Rating,Budget,Gross,Release Date,Genre,Runtime,Rating,Rating Count,release date_DD,release month_MM
0,1,Look Who's Talking,PG-13,7500000,296000000,12-10-1989,Romance,93,5.9,73638,12,10
1,2,Driving Miss Daisy,PG,7500000,145793296,13-12-1989,Comedy,99,7.4,91075,13,12
2,3,Turner & Hooch,PG,13000000,71079915,28-07-1989,Crime,100,7.2,91415,28,7
3,4,Born on the Fourth of July,R,14000000,161001698,20-12-1989,War,145,7.2,91415,20,12
4,5,Field of Dreams,PG,15000000,84431625,21-04-1989,Drama,107,7.5,101702,21,4
5,6,Uncle Buck,PG,15000000,79258538,16-08-1989,Family,100,7,77659,16,8
6,7,When Harry Met Sally...,R,16000000,92800000,21-07-1989,Romance,96,7.6,180871,21,7
7,8,Dead Poets Society,PG,16400000,235860116,02-06-1989,Drama,129,8.1,382002,2,6
8,9,Parenthood,PG-13,20000000,126297830,31-07-1989,Comedy,124,7,41866,31,7
9,10,Lethal Weapon 2,R,25000000,227853986,07-07-1989,Comedy,114,7.2,151737,7,7
10,11,The War of the Roses,R,26000000,160200000,08-12-1989,Comedy,116,6.8,45248,8,12
11,12,National Lampoon's Christmas Vacation,PG-13,27000000,71320000,01-12-1989,Action,97,7.6,135690,1,12
12,13,"Honey, I Shrunk the Kids",PG,32000000,222724172,22-06-1989,Family,93,6.3,132480,22,6
13,14,Batman,PG,35000000,411348924,23-06-1989,Action,126,7.5,319517,23,6
14,15,Ghostbusters II,PG,37000000,215394738,15-06-1989,Comedy,108,6.6,171196,15,6
15,16,The Little Mermaid,PG,40000000,222300000,17-11-1989,Animation,83,7.6,219221,17,11
16,17,Back to the Future Part II,PG,40000000,332000000,20-11-1989,Science Fiction,108,7.8,438940,20,11
17,18,Indiana Jones and the Last Crusade,PG-13,48000000,474171806,24-05-1989,Adventure,127,8.2,647495,24,5
18,19,Tango & Cash,R,55000000,63408614,22-12-1989,Action,104,6.8,79806,22,12
19,20,Steel Magnolias,PG,15000000,95904091,15-11-1989,Drama,119,7.3,43037,15,11
20,21,Three Men and a Little Lady,PG,11000000,71600000,21-11-1990,Family,104,6.1,127793,21,11
21,22,Teenage Mutant Ninja Turtles,PG,13500000,202000000,30-03-1990,Action,93,6.8,79806,30,3
22,23,Pretty Woman,R,14000000,463000000,23-03-1990,Romance,119,7,266405,23,3
23,24,Kindergarten Cop,PG-13,15000000,201957688,21-12-1990,Action,111,6.1,127793,21,12
24,25,Home Alone,PG,18000000,476684675,09-11-1990,Family,103,7.6,414472,9,11
25,26,Bird on a Wire,PG-13,20000000,138700000,18-05-1990,Comedy,110,6,37415,18,5
26,27,Misery,R,20000000,61276872,28-11-1990,Drama,107,7.8,168946,28,11
27,28,Edward Scissorhands,PG-13,20000000,53000000,05-12-1990,Drama,105,7.9,421760,5,12
28,29,Ghost,PG-13,22000000,505000000,12-07-1990,Thriller,127,7,183054,12,7
29,30,Presumed Innocent,R,22000000,221303188,26-07-1990,Crime,127,6.9,35122,26,7
30,31,Dances with Wolves,PG-13,22000000,424208848,09-11-1990,Western,181,8,224754,9,11
31,32,Flatliners,R,26000000,61489265,09-08-1990,Horror,115,6.6,76155,9,8
32,33,The Hunt for Red October,PG,30000000,199200000,02-03-1990,Thriller,134,7.6,167212,2,3
33,34,Another 48 Hrs.,R,38000000,153518974,08-06-1990,Action,95,5.9,36103,8,6
34,35,Back to the Future Part III,PG,40000000,244527583,25-05-1990,Family,118,7.4,369652,25,5
35,36,Dick Tracy,PG,47000000,103738726,15-06-1990,Crime,103,6.1,54312,15,6
36,37,The Godfather: Part III,R,54000000,136766062,24-12-1990,Drama,162,7.6,332236,24,12
37,38,Days of Thunder,PG-13,60000000,157920733,27-06-1990,Adventure,107,6,73649,27,6
38,39,Total Recall,R,65000000,261317921,01-06-1990,Science Fiction,113,7.5,282870,1,6
39,40,Die Hard 2,R,70000000,240031094,02-07-1990,Thriller,124,7.2,317843,2,7
40,41,Fried Green Tomatoes,PG-13,11000000,119418501,27-12-1991,Comedy,130,7.7,62493,27,12
41,42,The Silence of the Lambs,R,19000000,272742922,01-02-1991,Crime,119,8.6,1166583,1,2
42,43,Sleeping with the Enemy,R,19000000,174999005,08-02-1991,Drama,99,6.2,46455,8,2
43,44,Father of the Bride,PG,20000000,89325780,20-12-1991,Romance,105,6.5,64326,20,12
44,45,The Naked Gun 2 1/2: The Smell of Fear,PG-13,23000000,86900000,28-06-1991,Drama,85,6.5,64326,28,6
45,46,Teenage Mutant Ninja Turtles II,PG,25000000,78600000,22-03-1991,Action,88,8,397467,22,3
46,47,Beauty and the Beast,PG,25000000,377350553,13-11-1991,Animation,84,8,397467,13,11
47,48,Hot Shots!,PG-13,26000000,181096164,31-07-1991,Comedy,84,6.8,93277,31,7
48,49,City Slickers,PG-13,27000000,179033791,07-06-1991,Comedy,112,6.7,45166,7,6
49,50,Star Trek VI: The Undiscovered Country,PG,27000000,96900000,05-12-1991,Science Fiction,113,7.2,66086,5,12
50,51,The Addams Family,PG-13,30000000,191502426,22-11-1991,Comedy,99,6.9,119260,22,11
51,52,The Prince of Tides,R,30000000,74787599,25-12-1991,Romance,132,6.7,14918,25,12
52,53,What About Bob?,PG,35000000,63710000,17-05-1991,Comedy,100,7,58797,17,5
53,54,Cape Fear,R,35000000,182300000,15-11-1991,Crime,128,7.3,157496,15,11
54,55,JFK,R,40000000,205405498,20-12-1991,Drama,189,8,132879,20,12
55,56,Robin Hood: Prince of Thieves,PG-13,48000000,390493908,14-06-1991,Adventure,143,6.9,168877,14,6
56,57,Hook,PG,70000000,300854823,11-12-1991,Family,144,6.8,218151,11,12
57,58,Backdraft,R,75000000,152368585,24-05-1991,Mystery,137,6.7,67442,24,5
58,59,Terminator 2: Judgment Day,R,100000000,520000000,01-07-1991,Science Fiction,137,8.5,930593,1,7
59,60,The Crying Game,R,3705538,62548947,02-09-1992,Romance,112,7.2,48101,2,9
60,61,The Hand that Rocks the Cradle,R,11700000,88036683,10-01-1992,Drama,110,8.2,348791,10,1
61,62,Unforgiven,R,14000000,159157447,07-08-1992,Western,131,8.2,348791,7,8
62,63,Home Alone 2: Lost in New York,PG,18000000,358991681,19-11-1992,Family,120,6.7,269944,19,11
63,64,Wayne's World,PG-13,20000000,121697323,14-02-1992,Comedy,94,7,135657,14,2
64,65,The Bodyguard,R,25000000,411006740,25-11-1992,Action,129,6.3,110511,25,11
65,66,Aladdin,G,28000000,504050219,25-11-1992,Animation,90,8,336384,25,11
66,67,White Men Can't Jump,R,31000000,90753806,26-03-1992,Comedy,115,6.8,70430,26,3
67,68,Sister Act,PG,31000000,231605150,28-05-1992,Comedy,100,6.4,80510,28,5
68,69,Scent of a Woman,R,31000000,134095253,23-12-1992,Drama,157,8,238212,23,12
69,70,Lethal Weapon 3,R,35000000,321731527,15-05-1992,Action,118,6.7,148440,15,5
70,71,Under Siege,R,35000000,156563139,08-10-1992,Action,103,6.5,71962,8,10
71,72,Boomerang,R,40000000,70100000,30-06-1992,Romance,117,5.5,24114,30,6
72,73,A League of Their Own,PG,40000000,107458785,01-07-1992,Comedy,128,7.2,85932,1,7
73,74,The Last of the Mohicans,R,40000000,75505856,25-09-1992,Action,112,7.7,139000,25,9
74,75,Bram Stoker's Dracula,R,40000000,215900000,13-11-1992,Drama,128,7.4,177678,13,11
75,76,A Few Good Men,R,40000000,243240178,11-12-1992,Drama,138,7.7,218747,11,12
76,77,Patriot Games,R,45000000,178051587,04-06-1992,Thriller,117,6.9,95783,4,6
77,78,Basic Instinct,R,49000000,352927224,20-03-1992,Thriller,127,6.9,159658,20,3
78,79,Batman Returns,PG-13,80000000,280000000,19-06-1992,Action,126,7,258216,19,6
79,80,Cool Runnings,PG,14000000,154864401,30-09-1993,Comedy,98,6.9,85604,30,9
80,81,Groundhog Day,PG,14600000,70906973,11-02-1993,Comedy,101,8,549538,11,2
81,82,Free Willy,PG,20000000,153698625,16-07-1993,Family,112,5.9,64130,16,7
82,83,Sleepless in Seattle,PG,21000000,227799884,24-06-1993,Romance,105,6.8,147908,24,6
83,84,Schindler's List,R,22000000,321365567,29-11-1993,History,195,8.9,1117322,29,11
84,85,Mrs. Doubtfire,PG-13,25000000,441286195,24-11-1993,Family,125,7,226146,24,11
85,86,Tombstone,R,25000000,56505065,25-12-1993,Drama,130,7.8,117576,25,12
86,87,Philadelphia,PG-13,26000000,206678440,22-12-1993,Drama,125,7.7,210109,22,12
87,88,Dave,PG-13,28000000,63000000,07-05-1993,Comedy,110,6.8,46467,7,5
88,89,Grumpy Old Men,PG-13,35100000,70200000,25-12-1993,Comedy,103,7,40509,25,12
89,90,Indecent Proposal,R,38000000,266614059,07-04-1993,Drama,117,5.9,58078,7,4
90,91,Sister Act 2: Back in the Habit,PG,38000000,57319029,09-12-1993,Comedy,107,5.6,45380,9,12
91,92,In the Line of Fire,R,40000000,176997168,08-07-1993,Crime,128,7.2,86650,8,7
92,93,Rising Sun,R,40000000,107198790,30-07-1993,Thriller,125,6.2,40088,30,7
93,94,The Firm,R,42000000,270248367,30-06-1993,Mystery,154,6.8,108683,30,6
94,95,The Fugitive,PG-13,44000000,368875760,06-08-1993,Adventure,130,7.8,249811,6,8
95,96,The Pelican Brief,PG-13,45000000,195268056,16-12-1993,Crime,141,6.6,71238,16,12
96,97,Demolition Man,R,57000000,159055768,08-10-1993,Action,115,6.7,148329,8,10
97,98,Cliffhanger,R,70000000,255000211,28-05-1993,Adventure,112,6.4,113299,28,5
98,99,Jurassic Park III,PG-13,93000000,368800000,16-07-2001,Thriller,92,8.9,1690474,16,7
99,100,Pulp Fiction,R,8000000,213928762,10-09-1994,Thriller,154,8.9,1690474,10,9
100,101,Ace Ventura: Pet Detective,PG-13,15000000,107217396,04-02-1994,Comedy,86,6.9,260044,4,2
101,102,Dumb and Dumber,PG-13,16000000,247275374,16-12-1994,Comedy,107,7.3,334497,16,12
102,103,The Santa Clause,PG,22000000,189833357,10-11-1994,Family,97,6.4,86610,10,11
103,104,The Mask,PG-13,23000000,351583407,29-07-1994,Romance,101,6.9,320839,29,7
104,105,Speed,R,30000000,350448145,09-06-1994,Action,116,7.2,309338,9,6
105,106,Legends of the Fall,R,30000000,160638883,16-12-1994,Drama,133,7.5,136361,16,12
106,107,Star Trek: Generations,PG,38000000,120000000,17-11-1994,Science Fiction,118,8.5,869127,17,11
107,108,The Lion King,G,45000000,788241776,23-06-1994,Animation,89,8.5,869127,23,6
108,109,The Client,PG-13,45000000,117615211,20-07-1994,Drama,119,6.7,55788,20,7
109,110,The Specialist,R,45000000,170362582,07-10-1994,Action,110,5.6,59371,7,10
110,111,The Flintstones,PG,46000000,341631208,26-05-1994,Family,91,4.9,71389,26,5
111,112,Forrest Gump,PG-13,55000000,677945399,06-07-1994,Comedy,142,8.8,1657851,6,7
112,113,Stargate,PG-13,55000000,196567262,27-10-1994,Science Fiction,121,7.1,167516,27,10
113,114,Disclosure,R,55000000,214015089,09-12-1994,Drama,123,6.1,43455,9,12
114,115,Interview with the Vampire,R,60000000,223664608,11-11-1994,Horror,123,6.9,83296,11,11
115,116,Clear and Present Danger,PG-13,62000000,215887717,03-08-1994,Thriller,141,6.9,83296,3,8
116,117,Wolf,R,70000000,131000000,17-06-1994,Fantasy,125,6.2,49903,17,6
117,118,Maverick,PG,75000000,183000000,20-05-1994,Action,127,7,96405,20,5
118,119,True Lies,R,115000000,378882411,14-07-1994,Action,141,7.2,223671,14,7
119,120,While You Were Sleeping,PG,17000000,182057016,21-04-1995,Romance,103,6.7,85626,21,4
120,121,Dangerous Minds,R,23000000,179519401,11-08-1995,Crime,99,6.5,45479,11,8
121,122,Grumpier Old Men,PG-13,25000000,71500000,22-12-1995,Comedy,101,6.7,22759,22,12
122,123,Father of the Bride Part II,PG,30000000,76578911,10-02-1995,Comedy,106,6,31971,10,2
123,124,Toy Story,G,30000000,373554033,30-10-1995,Animation,81,8.3,820625,30,10
124,125,Ace Ventura: When Nature Calls,PG-13,30000000,212385533,10-11-1995,Comedy,90,6.4,191266,10,11
125,126,Get Shorty,R,30250000,115101622,20-10-1995,Comedy,105,6.9,72078,20,10
126,127,Mr. Holland's Opus,PG,31000000,106269971,29-12-1995,Family,137,7.3,33906,29,12
127,128,Se7en,R,33000000,327311859,22-09-1995,Action,127,8.6,1323681,22,9
128,129,Casper,PG,50000000,287928194,26-05-1995,Family,100,6.1,110490,26,5
129,130,Congo,PG-13,50000000,152022101,09-06-1995,Drama,109,5.2,39870,9,6
130,131,Apollo 13,PG,52000000,355237933,30-06-1995,Drama,140,7.6,250975,30,6
131,132,Crimson Tide,R,53000000,157387195,12-05-1995,Thriller,116,7.3,95145,12,5
132,133,Pocahontas,G,55000000,346079773,14-06-1995,Animation,81,6.7,156670,14,6
133,134,GoldenEye,PG-13,58000000,352194034,16-11-1995,Action,130,7.2,226013,16,11
134,135,Jumanji,PG,65000000,262797249,15-12-1995,Family,104,7,277496,15,12
135,136,Braveheart,R,72000000,210000000,24-05-1995,Action,177,8.3,907287,24,5
136,137,Die Hard: With a Vengeance,R,90000000,366101666,19-05-1995,Thriller,128,5.4,224254,19,5
137,138,Batman Forever,PG-13,100000000,336529144,16-06-1995,Action,121,5.4,224254,16,6
138,139,Waterworld,PG-13,175000000,264218220,28-07-1995,Action,135,6.2,169984,28,7
139,140,Scream,R,14000000,173046663,20-12-1996,Horror,111,7.2,267513,20,12
140,141,The First Wives Club,PG,26000000,116400000,20-09-1996,Comedy,102,6.4,39451,20,9
141,142,The English Patient,R,27000000,231976425,14-11-1996,War,162,7.4,168450,14,11
142,143,The Birdcage,R,31000000,185260553,08-03-1996,Comedy,117,7.1,74466,8,3
143,144,Phenomenon,PG,32000000,152036382,05-07-1996,Drama,123,6.4,71796,5,7
144,145,A Time to Kill,R,40000000,152266007,24-07-1996,Crime,149,7.5,121642,24,7
145,146,Star Trek: First Contact,PG-13,46000000,150000000,21-11-1996,Science Fiction,111,7.6,111959,21,11
146,147,Broken Arrow,R,50000000,150270147,09-02-1996,Thriller,108,6,86863,9,2
147,148,Jerry Maguire,R,50000000,273552592,06-12-1996,Comedy,139,7.3,226489,6,12
148,149,The Nutty Professor,PG-13,54000000,128769345,26-06-1996,Comedy,95,5.6,103475,26,6
149,150,101 Dalmatians,G,54000000,320689294,17-11-1996,Comedy,103,5.7,94582,17,11
150,151,The Rock,R,75000000,335062621,06-06-1996,Action,136,7.4,297268,6,6
151,152,Independence Day,PG-13,75000000,816969268,25-06-1996,Action,145,7,503229,25,6
152,153,Mission: Impossible,PG-13,80000000,457696359,22-05-1996,Action,110,7.1,365266,22,5
153,154,Ransom,R,80000000,309492681,08-11-1996,Thriller,117,6.6,112739,8,11
154,155,Space Jam,PG,80000000,250200000,15-11-1996,Comedy,88,6.4,145336,15,11
155,156,Twister,PG-13,92000000,494471524,10-05-1996,Action,113,6.4,164803,10,5
156,157,The Hunchback of Notre Dame,PG,100000000,100138851,21-06-1996,Animation,91,6.9,130850,21,6
157,158,Eraser,R,100000000,242295562,21-06-1996,Drama,115,6.1,98473,21,6
158,159,Michael,PG,119700000,119718203,25-12-1996,Fantasy,105,5.7,39051,25,12
159,160,Good Will Hunting,R,10000000,225933435,05-12-1997,Drama,126,8.3,787732,5,12
160,161,I Know What You Did Last Summer,R,17000000,125586134,17-10-1997,Horror,100,5.7,125924,17,10
161,162,Scream 2,R,24000000,172363301,09-12-1997,Horror,120,6.2,147635,9,12
162,163,My Best Friend's Wedding,PG-13,38000000,299288605,19-06-1997,Comedy,105,6.3,120020,19,6
163,164,Liar Liar,PG-13,45000000,302710615,21-03-1997,Comedy,86,6.9,264851,21,3
164,165,As Good as It Gets,PG-13,50000000,314178011,19-12-1997,Comedy,139,7.7,258974,19,12
165,166,George of the Jungle,PG,55000000,174400000,15-07-1997,Family,92,5.4,66725,15,7
166,167,The Lost World: Jurassic Park,PG-13,73000000,229074524,23-05-1997,Action,129,6.6,353168,23,5
167,168,Con Air,R,75000000,224012234,01-06-1997,Action,115,6.9,261542,1,6
168,169,Conspiracy Theory,R,75000000,136982834,07-08-1997,Action,135,6.7,88858,7,8
169,170,Face/Off,R,80000000,245676146,27-06-1997,Thriller,138,7.3,331618,27,6
170,171,Flubber,PG,80000000,177977226,26-11-1997,Science Fiction,93,5.3,79581,26,11
171,172,Hercules,G,85000000,252712101,26-06-1997,Animation,93,7.3,188044,26,6
172,173,Air Force One,R,85000000,315156409,25-07-1997,Action,124,6.5,170035,25,7
173,174,Men in Black,PG-13,90000000,589390539,02-07-1997,Thriller,98,7.3,486947,2,7
174,175,Contact,PG,90000000,171120329,11-07-1997,Science Fiction,150,7.4,239569,11,7
175,176,Tomorrow Never Dies,PG-13,110000000,333011068,11-12-1997,Action,119,6.5,171081,11,12
176,177,Batman and Robin,PG-13,160000000,238200000,12-06-1997,Action,125,7.8,978389,12,6
177,178,Titanic,PG-13,200000000,1845034188,18-11-1997,Romance,194,7.8,978389,18,11
178,179,There's Something About Mary,R,23000000,369884651,15-07-1998,Romance,119,7.1,278096,15,7
179,180,The Waterboy,PG-13,23000000,185991646,06-11-1998,Comedy,90,6.1,140363,6,11
180,181,Shakespeare in Love,R,25000000,289317794,11-12-1998,History,122,7.1,203939,11,12
181,182,The Rugrats Movie,G,30000000,100491683,20-11-1998,Animation,79,5.9,17025,20,11
182,183,Rush Hour,PG-13,33000000,244386864,18-09-1998,Comedy,98,7,224449,18,9
183,184,Stepmom,PG-13,50000000,159700000,25-12-1998,Drama,124,6.8,56910,25,12
184,185,Patch Adams,PG-13,50000000,202292902,25-12-1998,Drama,115,6.8,97429,25,12
185,186,The Truman Show,PG,60000000,264118201,04-06-1998,Comedy,103,8.1,859224,4,6
186,187,You've Got Mail,PG,65000000,250821495,17-12-1998,Romance,119,6.6,180707,17,12
187,188,Saving Private Ryan,R,70000000,481840909,24-07-1998,War,169,8.6,1140752,24,7
188,189,The Prince of Egypt,PG,70000000,218613188,15-12-1998,Animation,99,7.1,110340,15,12
189,190,Doctor Dolittle,PG-13,71000000,294456605,22-06-1998,Family,85,5.4,87146,22,6
190,191,Deep Impact,PG-13,75000000,140464664,08-05-1998,Drama,120,6.2,153606,8,5
191,192,Mulan,G,90000000,304320254,18-06-1998,Animation,88,7.6,229669,18,6
192,193,Enemy of the State,R,90000000,250649836,20-11-1998,Thriller,132,7.3,216789,20,11
193,194,The Mask of Zorro,PG-13,95000000,250288523,16-07-1998,Action,136,6.7,159093,16,7
194,195,A Bug's Life,G,120000000,363258859,25-11-1998,Animation,95,7.2,251436,25,11
195,196,Godzilla,PG-13,130000000,379014294,20-05-1998,Thriller,139,5.4,174600,20,5
196,197,Armageddon,PG-13,140000000,553799566,01-07-1998,Science Fiction,151,6.7,376785,1,7
197,198,Lethal Weapon 4,R,140000000,285444603,10-07-1998,Comedy,127,6.6,145685,10,7
198,199,The Blair Witch Project,R,60000,248000000,14-07-1999,Horror,81,6.5,220304,14,7
199,200,American Pie,R,11000000,235483004,09-07-1999,Comedy,95,7,357670,9,7
200,201,American Beauty,R,15000000,356296601,15-09-1999,Drama,122,8.3,1007472,15,9
201,202,Big Daddy,PG-13,34200000,234801895,25-06-1999,Comedy,93,6.4,188280,25,6
202,203,The Sixth Sense,PG-13,40000000,672806292,06-08-1999,Thriller,107,8.1,860079,6,8
203,204,Notting Hill,PG-13,42000000,363889678,13-05-1999,Romance,124,7.1,251006,13,5
204,205,The General's Daughter,R,60000000,149705852,18-06-1999,Thriller,116,6.3,49909,18,6
205,206,The Green Mile,R,60000000,284600000,10-12-1999,Fantasy,189,8.6,1046936,10,12
206,207,The Matrix,R,63000000,463517383,30-03-1999,Science Fiction,136,8.7,1550148,30,3
207,208,Runaway Bride,PG,70000000,309457509,30-07-1999,Romance,116,5.5,88557,30,7
208,209,Double Jeopardy,R,70000000,177841558,24-09-1999,Crime,105,6.5,67389,24,9
209,210,Analyze This,R,80000000,176885658,05-03-1999,Comedy,103,6.7,139603,5,3
210,211,The Mummy,PG-13,80000000,415885488,16-04-1999,Adventure,124,7,372009,16,4
211,212,Toy Story 2,G,90000000,497366869,30-10-1999,Animation,92,7.9,489299,30,10
212,213,Star Wars: Episode I - The Phantom Menace,PG,115000000,924317558,19-05-1999,Science Fiction,136,6.5,667362,19,5
213,214,Stuart Little,PG,133000000,300135367,17-12-1999,Family,84,5.9,117811,17,12
214,215,The World Is Not Enough,PG-13,135000000,361832400,08-11-1999,Adventure,128,7.4,545440,8,11
215,216,Tarzan,PG,150000000,448000000,18-06-1999,Animation,88,7.3,187724,18,6
216,217,Wild Wild West,PG-13,170000000,222104681,29-06-1999,Western,106,4.9,146265,29,6
217,218,"Crouching Tiger, Hidden Dragon",PG-13,17000000,213525736,01-10-2000,Romance,120,7.8,242878,1,10
218,219,Scary Movie,R,19000000,278019771,07-07-2000,Comedy,88,6.2,219032,7,7
219,220,Big Momma's House,PG-13,30000000,173959438,31-05-2000,Crime,98,5.1,77180,31,5
220,221,Remember the Titans,PG,30000000,136706683,29-09-2000,Drama,113,7.8,186997,29,9
221,222,Chicken Run,G,45000000,224834564,21-06-2000,Comedy,84,7,167036,21,6
222,223,Traffic,R,48000000,207515725,27-12-2000,Drama,147,7.6,188060,27,12
223,224,Erin Brockovich,R,52000000,256271286,17-03-2000,Drama,131,7.3,161958,17,3
224,225,Meet the Parents,PG-13,55000000,330444045,06-10-2000,Comedy,108,7,296549,6,10
225,226,What Women Want,PG-13,70000000,374111707,15-12-2000,Comedy,127,6.4,182948,15,12
226,227,X-Men,PG-13,75000000,296339527,13-07-2000,Adventure,104,7.4,545440,13,7
227,228,Nutty Professor II: The Klumps,PG-13,84000000,123307945,27-07-2000,Comedy,106,4.4,46222,27,7
228,229,Cast Away,PG-13,90000000,429632142,22-12-2000,Drama,143,7.8,482899,22,12
229,230,Charlie's Angels,PG-13,92000000,264105545,02-11-2000,Comedy,98,5.5,166141,2,11
230,231,What Lies Beneath,PG-13,100000000,155464351,21-07-2000,Drama,130,6.6,111917,21,7
231,232,Gladiator,R,103000000,457640427,01-05-2000,Action,155,8.5,1243670,1,5
232,233,The Patriot,R,110000000,215294342,28-06-2000,History,165,7.2,241120,28,6
233,234,The Perfect Storm,PG-13,120000000,325756637,15-03-2000,Drama,130,6.4,148948,15,3
234,235,How the Grinch Stole Christmas,PG,123000000,345141403,17-11-2000,Family,104,6.1,186192,17,11
235,236,Mission: Impossible II,PG-13,125000000,546388105,24-05-2000,Adventure,123,6.1,296109,24,5
236,237,Dinosaur,PG,127500000,354248063,19-05-2000,Animation,82,6.5,48922,19,5
237,238,American Pie 2,R,30000000,287553595,10-08-2001,Comedy,108,6.4,228537,10,8
238,239,Spy Kids,PG,35000000,147934180,18-03-2001,Family,88,5.4,101720,18,3
239,240,The Princess Diaries,G,37000000,165335153,03-08-2001,Romance,115,6.3,118754,3,8
240,241,The Fast and the Furious,PG-13,38000000,207283925,22-06-2001,Crime,106,6.8,327057,22,6
241,242,Shrek,PG,60000000,484409218,16-05-2001,Animation,90,7.8,574978,16,5
242,243,A Beautiful Mind,PG-13,60000000,313542341,11-12-2001,Drama,135,8.2,788060,11,12
243,244,Vanilla Sky,R,68000000,203388341,10-12-2001,Mystery,136,6.9,237238,10,12
244,245,Dr. Dolittle 2,PG,70000000,176104344,22-06-2001,Comedy,87,4.7,39656,22,6
245,246,Ocean's Eleven,PG-13,85000000,450717150,07-12-2001,Thriller,116,7.8,482386,7,12
246,247,Hannibal,PG-13,87000000,351692268,08-02-2001,Thriller,131,6.8,240535,8,2
247,248,Rush Hour 2,PG-13,90000000,347325802,03-08-2001,Comedy,90,6.6,188755,3,8
248,249,Black Hawk Down,R,92000000,172989651,28-12-2001,War,144,7.7,345280,28,12
249,250,Jurassic Park III,PG-13,93000000,368780809,18-07-2001,Adventure,92,5.9,280110,18,7
250,251,The Lord of the Rings: The Fellowship of the Ring,PG-13,93000000,871368364,18-12-2001,Fantasy,178,8.8,1545228,18,12
251,252,The Mummy Returns,PG-13,98000000,433013274,28-04-2001,Adventure,130,6.3,287749,28,4
252,253,Planet of the Apes,PG-13,100000000,362211740,25-07-2001,Science Fiction,119,5.7,203564,25,7
253,254,Lara Croft: Tomb Raider,PG-13,115000000,274703340,11-06-2001,Adventure,100,5.8,188607,11,6
254,255,"Monsters, Inc.",G,115000000,562816256,01-11-2001,Comedy,92,8,758349,1,11
255,256,Harry Potter and the Sorcerer's Stone,PG,125000000,975100000,04-11-2001,Fantasy,152,7.6,583224,4,11
256,257,Pearl Harbor,PG-13,140000000,449220945,21-05-2001,War,183,6.2,297066,21,5
257,258,My Big Fat Greek Wedding,PG,5000000,368744044,22-02-2002,Comedy,95,6.5,114907,22,2
258,259,Sweet Home Alabama,PG-13,30000000,180622424,26-09-2002,Romance,108,6.2,96978,26,9
259,260,The Ring,PG-13,48000000,249348933,18-10-2002,Horror,115,7.1,303397,18,10
260,261,Mr. Deeds,PG-13,50000000,171269535,28-06-2002,Comedy,96,5.8,129182,28,6
261,262,Ice Age,PG,59000000,383257136,10-03-2002,Animation,81,7.5,411963,10,3
262,263,The Bourne Identity,PG-13,60000000,214034224,14-06-2002,Action,119,7.9,481712,14,6
263,264,Austin Powers in Goldmember,PG-13,63000000,296655431,26-07-2002,Science Fiction,94,6.2,186825,26,7
264,265,The Santa Clause 2,G,65000000,172855065,31-10-2002,Family,104,5.6,45755,31,10
265,266,xXx,PG-13,70000000,277448382,09-08-2002,Adventure,124,5.9,167855,9,8
266,267,Signs,PG-13,72000000,408247917,02-08-2002,Science Fiction,106,6.7,321975,2,8
267,268,The Lord of the Rings: The Two Towers,PG-13,79000000,926287400,18-12-2002,Fantasy,179,8.7,1383826,18,12
268,269,Lilo & Stitch,PG,80000000,145771527,21-06-2002,Animation,85,6.7,351725,21,6
269,270,Scooby-Doo,PG,84000000,275650703,14-06-2002,Mystery,88,5,90185,14,6
270,271,Harry Potter and the Chamber of Secrets,PG,100000000,876688482,13-11-2002,Fantasy,161,7.4,505027,13,11
271,272,Minority Report,PG-13,102000000,358372926,20-06-2002,Science Fiction,145,7.6,477892,20,6
272,273,Star Wars: Episode II - Attack of the Clones,PG-13,120000000,649398328,15-05-2002,Science Fiction,142,6.6,587304,15,5
273,274,Spider-Man,PG-13,139000000,821708551,01-05-2002,Fantasy,121,7.3,652224,1,5
274,275,Men in Black 2,PG-13,140000000,441800000,03-07-2002,Action,88,7.4,489354,3,7
275,276,Die Another Day,PG-13,140000000,431971116,17-11-2002,Adventure,133,6.1,194441,17,11
276,277,Bringing Down the House,PG-13,20000000,132675402,07-03-2003,Comedy,105,5.6,33619,7,3
277,278,Elf,PG,32000000,173398518,09-10-2003,Comedy,97,6.9,194453,9,10
278,279,Spy Kids 3-D: Game Over,PG,38000000,197011982,25-07-2003,Family,84,4.2,50809,25,7
279,280,Cheaper by the Dozen,PG,40000000,190212113,24-12-2003,Comedy,98,5.8,88445,24,12
280,281,Anger Management,PG-13,75000000,195745823,11-04-2003,Comedy,106,6.2,194353,11,4
281,282,2 Fast 2 Furious,PG-13,76000000,236350661,05-06-2003,Thriller,107,5.9,236645,5,6
282,283,Bruce Almighty,PG-13,80000000,484572835,23-05-2003,Comedy,101,6.7,351725,23,5
283,284,S.W.A.T.,PG-13,80000000,116643346,08-08-2003,Crime,117,6,132856,8,8
284,285,Something's Gotta Give,PG-13,80000000,266728738,12-12-2003,Drama,128,6.7,105201,12,12
285,286,Seabiscuit,PG-13,87000000,148336445,22-07-2003,Drama,141,7.3,63813,22,7
286,287,Finding Nemo,G,94000000,940335536,30-05-2003,Animation,100,8.1,887773,30,5
287,288,The Lord of the Rings: The Return of the King,PG-13,94000000,1118888979,01-12-2003,Fantasy,201,8.9,1529953,1,12
288,289,X2: X-Men United,PG-13,110000000,407700000,02-05-2003,Action,133,7.4,489354,2,5
289,290,Bad Boys II,R,130000000,273339556,18-07-2003,Comedy,147,6.6,210294,18,7
290,291,Hulk,PG-13,137000000,245360480,19-06-2003,Science Fiction,138,5.6,242722,19,6
291,292,Pirates of the Caribbean: The Curse of the Black Pearl,PG-13,140000000,655011224,09-07-2003,Adventure,143,8,976208,9,7
292,293,The Last Samurai,R,140000000,456758981,05-12-2003,War,154,7.7,376039,5,12
293,294,The Matrix Reloaded,R,150000000,738599701,15-05-2003,Science Fiction,138,7.2,487328,15,5
294,295,The Matrix Revolutions,R,150000000,424988211,05-11-2003,Science Fiction,129,6.7,423134,5,11
295,296,Terminator 3: Rise of the Machines,R,200000000,435000000,02-07-2003,Thriller,109,6.3,357127,2,7
296,297,Fahrenheit 9/11,R,6000000,119114517,25-06-2004,Drama,122,7.5,123244,25,6
297,298,DodgeBall: A True Underdog Story,PG-13,20000000,167722310,18-06-2004,Comedy,92,6.1,232864,18,6
298,299,The Passion of the Christ,R,30000000,611899420,25-02-2004,Drama,127,7.1,203486,25,2
299,300,The Village,PG-13,60000000,256697520,30-07-2004,Drama,108,6.5,231358,30,7
300,301,50 First Dates,PG-13,75000000,196482882,13-02-2004,Comedy,99,6.8,308950,13,2
301,302,The Bourne Supremacy,PG-13,75000000,288500217,23-07-2004,Action,108,7.7,412796,23,7
302,303,Shark Tale,PG,75000000,367275019,20-09-2004,Animation,90,6,157494,20,9
303,304,Meet the Fockers,PG-13,80000000,516642939,22-12-2004,Comedy,115,6.3,241144,22,12
304,305,The Incredibles,PG,92000000,631442092,05-11-2004,Animation,115,8,617102,5,11
305,306,National Treasure,PG,100000000,347451894,19-11-2004,Mystery,131,6.8,289084,19,11
306,307,Ocean's Twelve,PG-13,110000000,362744280,09-12-2004,Thriller,125,6.5,337180,9,12
307,308,"I, Robot",PG-13,120000000,347234916,15-07-2004,Science Fiction,115,7.1,472748,15,7
308,309,The Day After Tomorrow,PG-13,125000000,544272402,26-05-2004,Action,124,6.4,393340,26,5
309,310,Harry Potter and the Prisoner of Azkaban,PG,130000000,789804554,31-05-2004,Fantasy,141,7.9,501648,31,5
310,311,Lemony Snicket's A Series of Unfortunate Events,PG,140000000,209073645,16-12-2004,Comedy,108,6.8,187021,16,12
311,312,Shrek 2,PG,150000000,919838758,19-05-2004,Animation,93,7.2,391295,19,5
312,313,Van Helsing,PG-13,160000000,300257475,05-05-2004,Horror,132,6.1,232864,5,5
313,314,The Polar Express,G,165000000,305875730,10-11-2004,Animation,100,6.6,158237,10,11
314,315,Troy,R,175000000,497409852,13-05-2004,War,163,7.2,460689,13,5
315,316,Spider-Man 2,PG-13,200000000,783766341,25-06-2004,Action,127,7.3,511447,25,6
316,317,The 40 Year Old Virgin,R,26000000,109449237,11-08-2005,Comedy,116,7.7,500448,11,8
317,318,Walk the Line,PG-13,28000000,186438883,13-09-2005,Drama,136,7.8,218317,13,9
318,319,Wedding Crashers,R,40000000,285176741,14-07-2005,Comedy,119,6.9,318291,14,7
319,320,Flightplan,PG-13,55000000,223387299,22-09-2005,Thriller,98,6.3,145570,22,9
320,321,The Pacifier,PG,56000000,113006880,04-03-2005,Comedy,95,5.6,82064,4,3
321,322,Hitch,PG-13,70000000,368100420,10-02-2005,Comedy,118,6.6,282005,10,2
322,323,Robots,PG,75000000,260696994,10-03-2005,Animation,91,6.3,124743,10,3
323,324,Madagascar,PG,75000000,532680671,25-05-2005,Animation,86,6.9,340576,25,5
324,325,The Longest Yard,PG-13,82000000,190320568,19-05-2005,Drama,113,6.4,153016,19,5
325,326,Fantastic Four,PG-13,100000000,330579719,29-06-2005,Action,106,5.7,300723,29,6
326,327,Fun with Dick and Jane,PG-13,100000000,202026112,21-12-2005,Comedy,90,6.1,126990,21,12
327,328,Mr. & Mrs. Smith,PG-13,110000000,478207520,07-06-2005,Comedy,120,6.7,150380,7,6
328,329,Star Wars: Episode III - Revenge of the Sith,PG-13,113000000,850000000,17-05-2005,Science Fiction,140,7.5,653713,17,5
329,330,War of the Worlds,PG-13,132000000,591739379,28-06-2005,Science Fiction,116,6.5,394088,28,6
330,331,Batman Begins,PG-13,150000000,374218673,10-06-2005,Action,140,8.2,1222163,10,6
331,332,Charlie and the Chocolate Factory,PG,150000000,474968763,13-07-2005,Family,115,6.6,397238,13,7
332,333,Chicken Little,G,150000000,314432665,04-11-2005,Animation,81,5.7,80293,4,11
333,334,Harry Potter and the Goblet of Fire,PG-13,150000000,895921036,05-11-2005,Fantasy,157,7.7,500448,5,11
334,335,"The Chronicles of Narnia: The Lion, the Witch and the Wardrobe",PG,180000000,748806957,07-12-2005,Fantasy,143,6.9,345525,7,12
335,336,King Kong,PG-13,207000000,550000000,14-12-2005,Adventure,187,7.2,372684,14,12
336,337,Borat: Cultural Learnings of America for Make Benefit Glorious Nation of Kazakhstan,R,18000000,261572744,01-11-2006,Comedy,82,7.3,336918,1,11
337,338,The Devil Wears Prada,PG-13,35000000,326551094,30-06-2006,Comedy,109,6.9,346453,30,6
338,339,Scary Movie 4,PG-13,45000000,178262620,13-04-2006,Comedy,83,5,108367,13,4
339,340,The Break-Up,PG-13,52000000,204999686,01-06-2006,Romance,106,5.8,119027,1,6
340,341,The Pursuit of Happyness,PG-13,55000000,307077295,14-12-2006,Drama,117,8,414068,14,12
341,342,Dreamgirls,PG-13,70000000,154937680,25-12-2006,Drama,134,6.5,65268,25,12
342,343,Talladega Nights: The Ballad of Ricky Bobby,PG-13,72500000,162966177,04-08-2006,Comedy,116,6.6,157099,4,8
343,344,Ice Age: The Meltdown,PG,80000000,660940780,23-03-2006,Animation,91,6.8,240160,23,3
344,345,Over the Hedge,PG,80000000,343397247,22-04-2006,Animation,83,6.7,150380,22,4
345,346,Click,PG-13,82500000,237681299,22-06-2006,Comedy,107,6.4,288262,22,6
346,347,The Departed,R,90000000,289847354,05-10-2006,Drama,151,8.5,1101383,5,10
347,348,Happy Feet,PG,100000000,384335608,16-11-2006,Animation,108,6.4,160365,16,11
348,349,Night at the Museum,PG,110000000,574480841,20-10-2006,Family,108,6.4,292901,20,10
349,350,Cars,G,120000000,461983149,08-06-2006,Animation,117,7.1,338715,8,6
350,351,The Da Vinci Code,PG-13,125000000,767820459,17-05-2006,Mystery,149,6.6,378434,17,5
351,352,Mission: Impossible III,PG-13,150000000,397850012,03-05-2006,Adventure,126,6.9,311936,3,5
352,353,Casino Royale,PG-13,150000000,599045960,14-11-2006,Thriller,144,8,546930,14,11
353,354,Pirates of the Caribbean: Dead Man's Chest,PG-13,200000000,1065659812,20-06-2006,Adventure,151,7.3,622392,20,6
354,355,X-Men: The Last Stand,PG-13,210000000,459359555,24-05-2006,Action,104,6.7,461302,24,5
355,356,Superman Returns,PG-13,270000000,391081192,28-06-2006,Action,154,6,262915,28,6
356,357,Juno,PG-13,7500000,231411584,05-12-2007,Comedy,96,7.4,471466,5,12
357,358,Knocked Up,R,30000000,219076518,01-06-2007,Comedy,129,6.9,335994,1,6
358,359,Wild Hogs,PG-13,60000000,253625427,02-03-2007,Comedy,100,5.8,110340,2,3
359,360,300,R,60000000,454161935,09-03-2007,Action,155,8.1,681249,9,3
360,361,Alvin and the Chipmunks,PG,60000000,361366633,13-12-2007,Family,92,5.2,71035,13,12
361,362,The Bourne Ultimatum,PG-13,70000000,442824138,03-08-2007,Action,115,8,584584,3,8
362,363,The Simpsons Movie,PG-13,75000000,527068851,25-07-2007,Comedy,87,7.3,296295,25,7
363,364,Enchanted,PG,85000000,340487652,20-11-2007,Family,107,7,167752,20,11
364,365,American Gangster,R,100000000,266465037,02-11-2007,Crime,157,7.8,372553,2,11
365,366,Live Free or Die Hard,PG-13,110000000,383531464,20-06-2007,Thriller,128,7.1,375083,20,6
366,367,Fantastic 4: Rise of the Silver Surfer,PG,130000000,289047763,13-06-2007,Action,92,5.6,241962,13,6
367,368,National Treasure: Book of Secrets,PG,130000000,457363168,13-12-2007,Mystery,124,6.5,208233,13,12
368,369,Rush Hour 3,PG-13,140000000,258022233,08-08-2007,Comedy,91,6.2,144312,8,8
369,370,Ratatouille,G,150000000,623722818,22-06-2007,Animation,111,8,594171,22,6
370,371,Transformers,PG-13,150000000,709709780,27-06-2007,Action,144,7,575579,27,6
371,372,Harry Potter and the Order of the Phoenix,PG-13,150000000,938212738,28-06-2007,Fantasy,138,7.5,465046,28,6
372,373,I Am Legend,PG-13,150000000,585349010,14-12-2007,Drama,101,7.2,645359,14,12
373,374,Shrek the Third,PG,160000000,798958165,17-05-2007,Animation,93,6,261818,17,5
374,375,Spider-Man 3,PG-13,258000000,890871626,01-05-2007,Action,139,6.2,470900,1,5
375,376,Pirates of the Caribbean: At World's End,PG-13,300000000,961000000,19-05-2007,Adventure,169,7.1,565402,19,5
376,377,Slumdog Millionaire,R,15000000,377910544,12-05-2008,Drama,120,8,758215,12,5
377,378,Gran Torino,R,33000000,269958228,09-12-2008,Drama,116,8.1,681249,9,12
378,379,Twilight,PG-13,37000000,392616625,20-11-2008,Romance,122,5.2,400765,20,11
379,380,Mamma Mia!,PG-13,52000000,609841637,03-07-2008,Romance,108,6.4,198801,3,7
380,381,Marley and Me,PG,60000000,247800000,25-12-2008,Drama,115,4.7,252223,25,12
381,382,Sex and the City,R,65000000,415252786,12-05-2008,Drama,145,5.6,111683,12,5
382,383,Wanted,R,75000000,258270008,19-06-2008,Crime,110,6.7,345360,19,6
383,384,Get Smart,PG-13,80000000,230685453,19-06-2008,Comedy,110,6.5,192963,19,6
384,385,Horton Hears a Who!,G,85000000,297138014,03-03-2008,Animation,88,6.8,123219,3,3
385,386,Kung Fu Panda,PG,130000000,631744560,04-06-2008,Animation,90,7.5,390478,4,6
386,387,Iron Man,PG-13,140000000,585174222,30-04-2008,Action,126,7.9,885440,30,4
387,388,The Incredible Hulk,PG-13,150000000,163712074,12-06-2008,Action,114,6.7,410953,12,6
388,389,Hancock,PG-13,150000000,624029371,01-07-2008,Fantasy,92,6.4,420160,1,7
389,390,Madagascar: Escape 2 Africa,PG,150000000,603900354,30-10-2008,Animation,89,6.6,189290,30,10
390,391,The Curious Case of Benjamin Button,PG-13,150000000,333932083,24-11-2008,Mystery,166,7.8,549809,24,11
391,392,WALL-E,G,180000000,533300000,23-06-2008,Animation,97,7.6,429384,23,6
392,393,Indiana Jones and the Kingdom of the Crystal Skull,PG-13,185000000,786636033,21-05-2008,Adventure,122,6.1,400210,21,5
393,394,The Dark Knight,PG-13,185000000,1004558444,16-07-2008,Action,152,9,2127228,16,7
394,395,Quantum of Solace,PG-13,200000000,586090727,30-10-2008,Action,106,6.6,382597,30,10
395,396,The Chronicles of Narnia: Prince Caspian,PG,225000000,419651413,15-05-2008,Fantasy,150,6.5,182624,15,5
396,397,Taken,PG-13,25000000,226800000,30-01-2009,Thriller,90,7.6,473121,30,1
397,398,Paul Blart: Mall Cop,PG,26000000,183293131,15-01-2009,Comedy,91,5.2,97379,15,1
398,399,The Blind Side,R,29000000,309208309,20-11-2009,Drama,129,7.6,272556,20,11
399,400,The Hangover,R,35000000,459270619,05-06-2009,Comedy,100,7.7,681246,5,6
400,401,The Proposal,PG-13,40000000,317375031,01-06-2009,Romance,108,6.7,277605,1,6
401,402,The Twilight Saga: New Moon,PG-13,50000000,709827462,15-03-2009,Romance,130,4.7,252223,15,3
402,403,Alvin and the Chipmunks: The Squeakquel,PG,75000000,443140005,21-12-2009,Family,88,4.5,40285,21,12
403,404,Fast and Furious,PG-13,85000000,363200000,03-04-2009,Thriller,107,8.8,1888105,3,4
404,405,Ice Age: Dawn of the Dinosaurs,PG,90000000,886686817,29-06-2009,Animation,94,6.9,208859,29,6
405,406,Sherlock Holmes,PG-13,90000000,524028679,23-12-2009,Mystery,128,7.6,556227,23,12
406,407,X-Men Origins: Wolverine,PG-13,150000000,373062864,28-04-2009,Action,107,6.6,445334,28,4
407,408,Star Trek,PG-13,150000000,385680446,06-05-2009,Science Fiction,127,7.9,561041,6,5
408,409,Night at the Museum: Battle of the Smithsonian,PG,150000000,413106170,20-05-2009,Family,105,6,164438,20,5
409,410,Transformers: Revenge of the Fallen,PG-13,150000000,836297228,19-06-2009,Action,150,6,369460,19,6
410,411,Monsters vs Aliens,PG,175000000,381509870,19-03-2009,Animation,94,7.7,374981,19,3
411,412,Up,PG,175000000,735099082,13-05-2009,Animation,96,8.2,867393,13,5
412,413,G.I. Joe: The Rise of Cobra,PG-13,175000000,302469017,04-08-2009,Action,118,5.8,192848,4,8
413,414,2012,PG-13,200000000,769653595,10-10-2009,Adventure,158,4.3,28949,10,10
414,415,Avatar,PG-13,237000000,2787965087,10-12-2009,Adventure,162,7.8,1064378,10,12
415,416,Harry Potter and the Half-Blood Prince,PG,250000000,933959197,07-07-2009,Fantasy,153,7.6,429384,7,7
416,417,The King's Speech,R,15000000,414211549,06-09-2010,Drama,118,8,603556,6,9
417,418,True Grit,PG-13,38000000,252276927,22-12-2010,Western,110,7.6,289841,22,12
418,419,The Karate Kid,PG,40000000,357852395,10-06-2010,Action,140,6.2,149538,10,6
419,420,The Twilight Saga: Eclipse,PG-13,68000000,698491347,23-06-2010,Romance,124,5,215110,23,6
420,421,Despicable Me,PG,69000000,543513985,08-07-2010,Animation,95,7.6,473121,8,7
421,422,Shutter Island,R,80000000,294804195,18-02-2010,Drama,138,8.1,1033626,18,2
422,423,Grown Ups,PG-13,80000000,271430189,24-06-2010,Comedy,102,5.9,214850,24,6
423,424,Little Fockers,PG-13,100000000,310650585,21-12-2010,Comedy,98,5.5,100845,21,12
424,425,Clash of the Titans,PG-13,125000000,493200000,02-04-2010,Thriller,108,5.8,260054,2,4
425,426,Megamind,PG,130000000,321887208,28-10-2010,Animation,95,7.2,212563,28,10
426,427,The Last Airbender,PG,150000000,318502923,30-06-2010,Adventure,103,4.1,139750,30,6
427,428,Inception,PG-13,160000000,825532764,14-07-2010,Action,148,8.8,1888105,14,7
428,429,How to Train Your Dragon,PG,165000000,494878759,05-03-2010,Animation,98,8.1,624128,5,3
429,430,Shrek Forever After,PG,165000000,752600867,16-05-2010,Animation,93,6.3,171513,16,5
430,431,Tron Legacy,PG,170000000,400000000,17-12-2010,Science Fiction,125,6.9,545814,17,12
431,432,Alice in Wonderland,PG,200000000,1025491110,03-03-2010,Fantasy,108,6.4,364339,3,3
432,433,Iron Man 2,PG-13,200000000,623933331,28-04-2010,Action,124,7,675501,28,4
433,434,Toy Story 3,G,200000000,1066969703,16-06-2010,Animation,103,8.3,705408,16,6
434,435,Harry Potter and the Deathly Hallows: Part 1,PG-13,250000000,954305868,17-10-2010,Fantasy,146,7.7,436403,17,10
435,436,Tangled,PG,260000000,591794936,24-11-2010,Animation,100,7.7,374981,24,11
436,437,The Help,PG-13,25000000,124272124,09-08-2011,Drama,146,8.1,399843,9,8
437,438,Bridesmaids,R,32500000,288383523,28-04-2011,Comedy,125,6.8,253501,28,4
438,439,Alvin and the Chipmunks: Chipwrecked,G,75000000,342695435,14-12-2011,Family,87,4.3,28949,14,12
439,440,The Hangover Part II,R,80000000,254455986,25-05-2011,Comedy,102,6.4,440120,25,5
440,441,Rio,G,90000000,484635760,03-04-2011,Animation,96,6.9,194794,3,4
441,442,Rise of the Planet of the Apes,PG-13,93000000,482860185,03-08-2011,Science Fiction,105,7.6,478465,3,8
442,443,The Twilight Saga: Breaking Dawn - Part 1,PG-13,110000000,712171856,15-03-2011,Romance,117,4.9,211592,15,3
443,444,The Smurfs,PG,110000000,563749323,29-07-2011,Animation,103,5.4,78902,29,7
444,445,Fast Five,PG-13,125000000,626137675,20-04-2011,Action,130,7.3,335531,20,4
445,446,Harry Potter and the Deathly Hallows: Part 2,PG-13,125000000,1342000000,07-07-2011,Fantasy,130,8.1,706836,7,7
446,447,Sherlock Holmes: A Game of Shadows,PG-13,125000000,334615000,22-11-2011,Mystery,129,7.5,399957,22,11
447,448,Puss in Boots: The Three Diablos,PG,130000000,555000000,08-12-2011,Animation,130,7.8,727724,8,12
448,449,Captain America: The First Avenger,PG-13,140000000,370569774,22-07-2011,Action,124,6.9,687208,22,7
449,450,Mission: Impossible - Ghost Protocol,PG-13,145000000,694713380,07-12-2011,Thriller,133,7.4,434810,7,12
450,451,Thor,PG-13,150000000,449326618,21-04-2011,Action,115,7,700777,21,4
451,452,Kung Fu Panda 2,PG,150000000,665692281,25-05-2011,Animation,91,7.2,234612,25,5
452,453,Transformers: Dark of the Moon,PG-13,195000000,1123746996,28-06-2011,Action,154,6.2,370672,28,6
453,454,Cars 2,G,200000000,559852396,11-06-2011,Animation,106,6.1,144174,11,6
454,455,Pirates of the Caribbean: On Stranger Tides,PG-13,380000000,1045713802,14-05-2011,Action,136,6.6,455211,14,5
455,456,Taken 2,PG-13,45000000,376141306,27-09-2012,Thriller,91,6.2,276940,27,9
456,457,Ted,R,50000000,549368315,29-06-2012,Comedy,106,6.9,545814,29,6
457,458,Les Miserables,PG-13,61000000,441800000,05-12-2012,Drama,158,7.5,527284,5,12
458,459,Lincoln,PG-13,65000000,275293450,09-11-2012,History,149,7.3,232227,9,11
459,460,The Lorax,PG,70000000,348840316,01-03-2012,Animation,86,6.4,91777,1,3
460,461,The Hunger Games,PG-13,75000000,691210692,12-03-2012,Adventure,142,7.2,805367,12,3
461,462,Hotel Transylvania,PG,85000000,358375603,20-09-2012,Animation,91,7.1,208916,20,9
462,463,Ice Age: Continental Drift,PG,95000000,877244782,26-06-2012,Animation,88,6.6,179430,26,6
463,464,Django Unchained,R,100000000,425368238,25-12-2012,Western,165,8.4,1246157,25,12
464,465,The Twilight Saga: Breaking Dawn - Part 2,PG-13,120000000,829000000,13-11-2012,Romance,115,5.5,218357,13,11
465,466,Madagascar 3: Europe's Most Wanted,PG,145000000,746921274,06-06-2012,Animation,93,6.8,150894,6,6
466,467,Wreck-It Ralph,PG,165000000,471222889,01-11-2012,Animation,108,7.7,354202,1,11
467,468,Snow White and the Huntsman,PG-13,170000000,396600000,30-05-2012,Fantasy,127,6.1,262152,30,5
468,469,Brave,PG,185000000,538983207,21-06-2012,Animation,93,7.1,346490,21,6
469,470,Skyfall,PG-13,200000000,1108561013,25-10-2012,Action,143,7.7,599462,25,10
470,471,The Amazing Spider-Man,PG-13,215000000,752215857,27-06-2012,Action,136,6.9,534526,27,6
471,472,The Avengers,PG-13,220000000,1519557910,25-04-2012,Action,143,8,1205002,25,4
472,473,Men in Black 3,PG-13,225000000,624026776,23-05-2012,Action,106,6.8,317807,23,5
473,474,The Dark Knight Rises,PG-13,250000000,1084939099,16-07-2012,Action,165,8.4,1418253,16,7
474,475,The Hobbit: An Unexpected Journey,PG-13,250000000,1021103568,26-11-2012,Fantasy,169,7.8,727724,26,11
475,476,The Conjuring,R,13000000,318000141,18-07-2013,Horror,112,7.5,410378,18,7
476,477,Identity Thief,R,35000000,173965010,07-02-2013,Comedy,111,5.7,117864,7,2
477,478,We're The Millers,R,37000000,270000000,03-08-2013,Comedy,110,7.7,685903,3,8
478,479,American Hustle,R,40000000,251171807,12-12-2013,Crime,138,7.2,424472,12,12
479,480,The Heat,R,43000000,158674180,27-06-2013,Comedy,117,6.6,155514,27,6
480,481,Despicable Me 2,PG,76000000,970761885,25-06-2013,Animation,98,7.4,350582,25,6
481,482,The Great Gatsby,PG-13,105000000,351040419,10-05-2013,Drama,143,7.3,442728,10,5
482,483,Gravity,PG-13,105000000,716392705,27-09-2013,Science Fiction,91,7.7,724258,27,9
483,484,The Hunger Games: Catching Fire,PG-13,130000000,847423452,15-11-2013,Adventure,146,7.5,583523,15,11
484,485,The Croods,PG,135000000,585178928,20-03-2013,Animation,98,7.2,180043,20,3
485,486,Frozen,PG,150000000,1274219009,27-11-2013,Animation,102,7.5,527284,27,11
486,487,Fast & Furious 6,PG-13,160000000,788679850,06-05-2013,Action,130,,527284,6,5
487,488,Thor: The Dark World,PG-13,170000000,644571402,29-10-2013,Action,112,6.9,556094,29,10
488,489,Star Trek Into Darkness,PG-13,190000000,467365246,05-05-2013,Science Fiction,132,7.7,449458,5,5
489,490,Oz: The Great and Powerful,PG,200000000,491868548,07-03-2013,Drama,130,,,7,3
490,491,Iron Man 3,PG-13,200000000,1215439994,18-04-2013,Action,130,7.2,710052,18,4
491,492,World War Z,PG-13,200000000,531865000,20-06-2013,Science Fiction,116,7,564082,20,6
492,493,Monsters University,G,200000000,743559607,20-06-2013,Animation,104,7.3,299133,20,6
493,494,Man of Steel,PG-13,225000000,662845518,12-06-2013,Action,143,7.1,657937,12,6
494,495,The Hobbit: The Desolation of Smaug,PG-13,250000000,958400000,11-12-2013,Fantasy,161,7.8,573246,11,12
495,496,Neighbors,R,18000000,268157400,08-05-2014,Comedy,96,6.3,270504,8,5
496,497,22 Jump Street,R,50000000,188441614,05-06-2014,Comedy,112,7,325958,5,6
497,498,American Sniper,R,58800000,542307423,11-12-2014,War,133,7.3,409597,11,12
498,499,The Lego Movie,PG,60000000,469160692,06-02-2014,Animation,100,7.8,309295,6,2
499,500,Gone Girl,R,61000000,369330363,01-10-2014,Thriller,145,8.1,782252,1,10
500,501,Divergent,PG-13,85000000,288747895,14-03-2014,Action,139,6.7,405233,14,3
501,502,Teenage Mutant Ninja Turtles,PG-13,125000000,477200000,07-08-2014,Action,101,5.8,194073,7,8
502,503,The Hunger Games: Mockingjay - Part 1,PG-13,125000000,752100229,18-11-2014,Adventure,123,6.6,386742,18,11
503,504,How to Train Your Dragon 2,PG,145000000,609123048,12-06-2014,Animation,102,7.8,285394,12,6
504,505,Godzilla,PG-13,160000000,529076069,14-05-2014,Thriller,123,6.4,359438,14,5
505,506,Big Hero 6,PG,165000000,652105443,24-10-2014,Animation,102,7.8,380953,24,10
506,507,Interstellar,PG-13,165000000,675120017,05-11-2014,Science Fiction,169,8.6,1343549,5,11
507,508,Captain America: The Winter Soldier,PG-13,170000000,714766572,20-03-2014,Action,136,7.7,685903,20,3
508,509,Dawn of the Planet of the Apes,PG-13,170000000,710644566,26-06-2014,Science Fiction,130,7.6,395425,26,6
509,510,Guardians of the Galaxy,PG-13,170000000,773328629,30-07-2014,Action,121,8,978222,30,7
